id,first_name,last_name,email
1,Data-From,Mockaroo,mockaroo.data@mocharoo.com
2,Jerrilyn,Sjollema,jsjollema1@ning.com
3,Aubree,Schenfisch,aschenfisch2@cornell.edu
4,Arabelle,Phear,aphear3@delicious.com
5,Melissa,Gorring,mgorring4@cnet.com
6,Spike,Redpath,sredpath5@columbia.edu
7,Biddie,Whitesland,bblacksland6@illinois.edu
8,Shannon,Brockton,sbrockton7@stumbleupon.com
9,Forster,Harwick,fharwick8@friendfeed.com
10,Nance,Berfoot,nberfoot9@wsj.com
11,Alie,Terbeek,aterbeeka@themeforest.net
12,Hamid,Buyers,hbuyersb@sitemeter.com
13,Thornton,Canti,tcantic@nydailynews.com
14,Hunfredo,Neward,hnewardd@unc.edu
15,Fionna,McKew,fmckewe@wsj.com
16,Rriocard,Phelips,rphelipsf@patch.com
17,Cam,Tideswell,ctideswellg@amazon.co.jp
18,Payton,Dericot,pdericoth@skyrock.com
19,Rolland,Pickthorn,rpickthorni@yahoo.co.jp
20,Pearline,Pinck,ppinckj@nba.com
21,Gilburt,Ivankovic,givankovick@slate.com
22,Idaline,Lempenny,ilempennyl@printfriendly.com
23,Dean,Pedler,dpedlerm@pen.io
24,Kary,Collinge,kcollingen@multiply.com
25,Vera,Settle,vsettleo@goo.ne.jp
26,Betsey,Ovid,bovidp@paypal.com
27,Ashby,Izac,aizacq@google.ru
28,Ignace,Hayto,ihaytor@flavors.me
29,Nonie,Pomfrett,npomfretts@ning.com
30,Charlot,Cattlemull,ccattlemullt@ed.gov
31,Jermain,Americi,jamericiu@cdbaby.com
32,Gerald,Matuszkiewicz,gmatuszkiewiczv@admin.ch
33,Perry,Newling,pnewlingw@qq.com
34,Tami,Blenkinsopp,tblenkinsoppx@patch.com
35,Tye,Pattrick,tpattricky@addtoany.com
36,Thea,Chilley,tchilleyz@hud.gov
37,Lauree,Chettle,lchettle10@google.de
38,Hill,Heasly,hheasly11@stumbleupon.com
39,Maynord,Dovidian,mdovidian12@ehow.com
40,Aprilette,Corsan,acorsan13@bing.com
41,Corly,Conybear,cconybear14@wikipedia.org
42,Ramonda,Goldsbrough,rgoldsbrough15@ebay.com
43,Jefferson,Whiscard,jwhiscard16@merriam-webster.com
44,Tobi,Jonczyk,tjonczyk17@netscape.com
45,Cilka,Wrightson,cwrightson18@usa.gov
46,Padraic,Tizard,ptizard19@gizmodo.com
47,Jarid,Grewe,jgrewe1a@yellowpages.com
48,Huntington,McDermid,hmcdermid1b@youku.com
49,Gran,Thomelin,gthomelin1c@tinypic.com
50,Ailyn,Tyt,atyt1d@usda.gov
51,Tersina,Worvill,tworvill1e@yale.edu
52,Ronny,Palphramand,rpalphramand1f@netvibes.com
53,Sydney,Cornthwaite,scornthwaite1g@cbslocal.com
54,Jimmie,Laytham,jlaytham1h@mit.edu
55,Cherry,Harbron,charbron1i@ibm.com
56,Carley,Gliddon,cgliddon1j@home.pl
57,Beverie,Hardey,bhardey1k@google.pl
58,Abbot,Chazier,achazier1l@sun.com
59,Wes,Palomba,wpalomba1m@apache.org
60,Aleta,Crowhurst,acrowhurst1n@latimes.com
61,Amanda,Harman,aharman1o@yahoo.com
62,Lexine,Kembry,lkembry1p@ning.com
63,Clarice,Lambarton,clambarton1q@jiathis.com
64,Rebe,Ellacombe,rellacombe1r@hud.gov
65,Curran,Layfield,clayfield1s@360.cn
66,Randie,Gornal,rgornal1t@fema.gov
67,Siusan,Deshorts,sdeshorts1u@mlb.com
68,Wald,Whelan,wwhelan1v@list-manage.com
69,Kim,Folbigg,kfolbigg1w@samsung.com
70,Johanna,Peerman,jpeerman1x@virginia.edu
71,Allis,Hatchman,ahatchman1y@merriam-webster.com
72,Roby,Brettel,rbrettel1z@geocities.com
73,Amalle,Whiteer,ablacker20@etsy.com
74,Fionna,Swiffin,fswiffin21@chicagotribune.com
75,Lorin,Cornew,lcornew22@blogtalkradio.com
76,Natty,Kenney,nkenney23@imdb.com
77,Hermy,Burchett,hburchett24@thetimes.co.uk
78,Rose,Flanagan,rflanagan25@blog.com
79,Jemima,Rocks,jrocks26@blogger.com
80,Clyve,Bayman,cbayman27@arstechnica.com
81,Sidney,Villar,svillar28@shinystat.com
82,Viviene,Ambrozewicz,vambrozewicz29@harvard.edu
83,Pamela,Travis,ptravis2a@hexun.com
84,Cinnamon,Bunker,cbunker2b@de.vu
85,Tobe,Sabater,tsabater2c@mlb.com
86,Dorry,Gieraths,dgieraths2d@artisteer.com
87,Bondy,Joska,bjoska2e@baidu.com
88,Hetty,Edsell,hedsell2f@lycos.com
89,Elyse,Normanell,enormanell2g@123-reg.co.uk
90,Heddie,Hyam,hhyam2h@ehow.com
91,Kahlil,Adamo,kadamo2i@unicef.org
92,Dal,Copcote,dcopcote2j@abc.net.au
93,Jake,Heads,jheads2k@imgur.com
94,Cullan,Beggin,cbeggin2l@oaic.gov.au
95,Bellina,Malkie,bmalkie2m@wp.com
96,Ysabel,Larive,ylarive2n@hugedomains.com
97,Rachelle,Rougier,rrougier2o@instagram.com
98,Gert,Weatherley,gweatherley2p@stumbleupon.com
99,Isidora,Wilford,iwilford2q@va.gov
100,Ginelle,Geake,ggeake2r@infoseek.co.jp